행정구역(시군구)별(1),행정구역(시군구)별(2),2019. 01,2019. 02,2019. 03,2019. 04,2019. 05,2019. 06,2019. 07,2019. 08,2019. 09,2019. 10,2019. 11,2019. 12,2020. 01,2020. 02,2020. 03,2020. 04,2020. 05,2020. 06,2020. 07,2020. 08,2020. 09,2020. 10,2020. 11,2020. 12,2021. 01,2021. 02,2021. 03,2021. 04,2021. 05,2021. 06
전국,소계,"667,227","702,329","641,449","587,293","569,020","484,468","563,622","565,607","517,785","594,081","565,735","645,782","647,272","780,471","766,192","614,262","568,965","606,947","582,941","614,735","621,468","604,412","610,204","717,622","633,309","705,794","735,225","593,387","556,711","543,949"
서울특별시,소계,"129,031","143,367","137,242","122,867","117,209","97,933","118,365","118,002","109,435","133,127","117,720","131,783","127,159","167,282","167,806","134,325","120,443","126,224","121,544","131,848","137,952","137,100","127,049","144,245","124,855","151,351","157,833","127,213","121,276","112,992"
서울특별시,종로구,"2,068","2,524","2,414","1,939","1,979","1,640","1,880","1,924","1,755","1,941","1,773","2,108","2,026","2,649","2,634","2,161","1,957","2,035","1,893","1,986","2,058","1,988","1,883","1,984","1,887","2,490","2,697","1,978","1,918","1,916"
서울특별시,중구,"1,534","1,839","1,729","1,524","1,548","1,366","1,616","1,786","1,502","1,742","1,519","1,679","1,681","2,237","2,307","1,699","1,625","1,676","1,609","1,592","2,011","1,681","1,701","1,914","1,758","2,052","2,144","1,680","1,744","1,621"
서울특별시,용산구,"3,006","3,272","3,155","2,973","3,014","2,517","2,863","2,787","2,821","3,157","2,844","3,264","3,041","3,679","3,879","3,218","2,896","3,029","2,889","3,067","3,435","3,363","3,006","3,483","2,894","3,647","3,882","3,253","3,338","3,170"
서울특별시,성동구,"4,229","5,042","4,531","3,981","3,715","3,181","3,695","3,856","3,539","4,370","3,785","4,178","4,255","5,650","5,750","4,534","4,010","4,078","3,897","4,036","4,207","4,456","3,806","4,417","3,809","4,826","5,041","3,744","3,640","3,485"
서울특별시,광진구,"4,855","5,452","5,241","4,814","4,694","3,920","4,565","4,460","4,154","5,050","4,677","5,206","4,675","6,040","6,461","5,123","4,512","4,721","4,345","4,842","4,939","4,943","4,645","5,457","4,684","5,546","5,827","4,839","4,438","4,178"
서울특별시,동대문구,"5,089","5,785","5,924","4,412","4,076","3,682","4,266","3,974","3,614","4,275","3,974","4,589","4,642","6,258","6,523","4,861","3,918","4,359","4,199","4,810","4,778","4,631","4,359","4,797","4,299","5,442","5,544","4,217","4,002","3,756"
서울특별시,중랑구,"4,310","4,427","4,846","4,900","4,683","3,951","4,801","4,487","4,110","5,478","4,729","5,210","4,506","5,344","6,219","5,207","4,696","5,017","5,111","5,602","5,473","5,147","4,897","4,993","4,427","5,039","5,652","4,923","4,721","4,415"
서울특별시,성북구,"5,155","6,062","6,076","5,126","4,647","3,768","4,707","4,647","4,227","5,848","5,227","5,679","5,634","7,672","7,050","5,423","4,812","5,115","5,101","5,259","5,395","5,684","5,410","5,676","5,743","7,051","6,949","5,319","4,704","4,346"
서울특별시,강북구,"3,412","3,396","4,168","3,908","3,647","3,062","3,227","3,238","2,964","4,201","3,733","3,666","3,259","4,114","4,505","3,957","3,734","4,043","3,713","3,638","3,934","3,857","3,900","4,002","3,389","4,006","4,286","3,758","3,560","3,384"
서울특별시,도봉구,"3,344","3,347","3,687","3,530","3,361","2,875","3,307","3,282","3,192","3,879","3,736","3,685","3,388","4,282","4,613","4,062","3,802","3,754","3,756","3,808","4,242","4,271","3,789","4,125","3,486","3,946","4,319","3,695","3,658","3,372"
서울특별시,노원구,"6,108","6,901","6,156","5,375","4,871","4,043","5,398","5,745","5,012","6,402","5,501","6,583","6,552","9,110","8,053","6,052","5,350","5,665","5,420","6,158","6,486","6,015","5,519","7,327","6,452","7,556","7,049","5,501","5,121","4,710"
서울특별시,은평구,"5,839","6,110","6,443","6,041","5,718","4,642","5,660","6,490","6,730","7,237","5,889","5,922","5,565","6,663","7,426","6,410","5,946","7,039","6,405","5,777","6,575","6,145","5,946","6,268","5,063","5,895","6,651","5,799","5,655","5,358"
서울특별시,서대문구,"4,256","5,110","4,358","3,765","3,948","3,076","3,558","3,672","3,495","3,797","3,608","4,034","4,322","5,869","5,740","4,343","3,528","3,852","3,913","4,425","4,692","4,435","4,042","4,418","3,940","5,176","5,090","3,936","3,818","3,394"
서울특별시,마포구,"5,197","5,834","5,584","4,982","4,545","3,713","4,885","5,016","4,720","5,287","4,677","5,133","5,350","7,291","7,162","5,500","4,857","5,127","4,996","5,452","5,867","5,780","5,475","5,810","4,914","6,035","6,786","5,431","5,089","4,618"
서울특별시,양천구,"5,133","5,954","4,923","4,499","4,412","3,564","4,354","4,575","4,255","5,252","4,326","5,486","5,274","7,488","6,224","5,824","5,394","5,286","5,077","5,454","5,423","5,628","5,033","5,916","4,973","6,567","6,402","4,908","4,805","4,476"
서울특별시,강서구,"6,956","7,369","7,212","7,123","7,044","6,021","7,001","7,223","6,798","7,979","6,853","7,478","6,789","9,370","10,055","8,294","7,359","7,599","7,383","8,495","8,748","8,375","7,820","9,286","7,255","8,459","9,491","7,733","7,766","7,019"
서울특별시,구로구,"4,525","5,002","4,911","4,593","4,486","3,634","4,229","4,230","3,949","4,785","4,387","4,935","4,683","6,139","6,069","5,164","4,932","5,257","4,748","5,464","5,847","5,311","5,003","5,407","4,627","5,253","5,421","4,686","4,440","4,265"
서울특별시,금천구,"2,868","2,952","3,092","2,839","2,872","2,451","2,805","2,579","2,524","2,854","2,717","3,175","2,761","3,399","3,632","3,008","2,810","3,112","2,771","3,135","3,156","2,939","3,036","3,204","2,652","2,934","3,440","3,062","3,101","2,818"
서울특별시,영등포구,"4,937","5,482","5,332","5,018","4,570","4,040","4,661","4,590","4,486","5,186","4,679","5,272","5,069","7,118","7,191","5,895","4,886","5,166","4,652","5,641","5,653","5,872","5,558","5,825","5,038","6,076","6,220","5,391","5,137","4,668"
서울특별시,동작구,"5,891","6,248","5,682","4,883","4,921","4,016","4,832","5,070","4,626","5,272","4,913","5,693","5,535","7,762","7,367","5,511","4,825","5,136","4,890","5,649","5,708","5,822","5,400","6,045","5,464","7,176","6,856","5,563","5,281","4,803"
서울특별시,관악구,"8,712","9,018","8,873","7,783","7,341","6,311","8,164","7,797","7,263","8,294","7,585","8,647","8,521","10,482","10,835","8,485","7,831","8,171","7,362","8,151","8,199","8,125","7,979","9,085","8,112","9,133","10,248","8,138","7,426","7,086"
서울특별시,서초구,"6,673","7,309","6,464","5,384","5,145","4,378","5,311","5,481","4,962","5,623","4,992","5,912","5,930","7,649","6,832","5,540","5,428","6,141","6,128","6,246","6,978","8,036","5,911","6,850","5,729","7,416","7,127","5,729","5,531","6,094"
서울특별시,강남구,"8,909","10,203","8,656","7,455","7,062","6,205","7,532","7,418","6,795","7,979","6,855","8,647","8,306","10,796","9,848","8,110","7,823","7,341","7,504","8,003","8,060","8,464","7,869","9,458","8,193","10,064","10,145","7,730","7,706","6,828"
서울특별시,송파구,"10,698","12,817","11,947","10,682","9,935","7,872","9,067","8,477","7,434","9,346","8,487","9,539","9,285","12,223","12,099","9,171","8,059","8,170","8,448","9,263","9,534","9,948","9,423","10,834","9,646","12,160","12,743","10,097","9,135","8,002"
서울특별시,강동구,"5,327","5,912","5,838","5,338","4,975","4,005","5,981","5,198","4,508","7,893","6,254","6,063","6,110","7,998","9,332","6,773","5,453","5,335","5,334","5,895","6,554","6,184","5,639","7,664","6,421","7,406","7,823","6,103","5,542","5,210"
부산광역시,소계,"39,477","42,394","38,345","37,090","34,874","30,417","32,763","35,235","31,268","36,011","36,038","41,146","41,100","49,592","48,065","41,966","35,680","38,688","37,691","41,728","39,572","39,716","42,017","50,361","44,537","45,650","44,336","38,175","38,941","36,670"
부산광역시,중  구,614,566,550,542,621,447,502,572,474,504,519,508,548,591,651,610,424,620,528,518,475,501,554,645,523,628,694,598,605,585
부산광역시,서  구,"1,310","1,352","1,276","1,160","1,164","1,057","1,011","1,076",927,"1,069","1,074","1,175","1,202","1,503","1,402","1,420","1,234","1,268","1,105","1,128","1,109","1,553","1,257","1,408","1,337","1,560","1,476","1,485","1,311","1,234"
부산광역시,동  구,979,992,959,888,951,822,920,"1,311","1,048","1,092","1,008",973,965,"1,041","1,381","1,344","1,141","1,096","1,001","1,048","1,067","1,137","1,134","1,252","1,061","1,039","1,398","1,128","1,200","1,219"
부산광역시,영도구,"1,132","1,038","1,058","1,009","1,072",879,977,924,894,"1,051",995,"1,137","1,009","1,155","1,241","1,087","1,013","1,073",937,"1,036","1,038","1,062","1,047","1,271","1,102","1,128","1,239","1,127","2,220","1,762"
부산광역시,부산진구,"4,705","4,857","4,646","4,534","4,355","3,704","4,114","3,972","3,532","4,060","3,726","4,316","4,447","5,108","5,036","4,926","4,252","4,335","4,316","4,866","4,528","4,271","4,948","5,763","5,085","5,098","5,093","4,242","4,343","4,354"
부산광역시,동래구,"2,866","2,963","3,054","2,723","2,620","2,333","2,491","2,956","2,840","3,256","3,132","3,403","3,331","3,891","4,142","2,986","2,802","3,381","3,131","3,336","3,039","3,366","3,563","4,060","3,647","3,397","3,309","2,948","3,087","2,877"
부산광역시,남  구,"3,895","4,174","3,564","3,550","3,060","2,650","3,044","3,330","2,947","3,393","3,341","3,427","3,590","4,556","4,348","3,342","2,901","3,143","3,122","3,751","3,420","3,285","3,662","4,256","3,621","3,752","3,421","2,840","2,848","2,832"
부산광역시,북  구,"2,889","3,062","2,840","2,733","2,635","2,334","2,364","2,477","2,151","2,673","3,594","3,774","3,199","3,757","3,520","2,927","2,183","3,001","2,786","3,029","2,635","2,931","2,976","3,718","3,130","3,228","3,268","3,391","3,528","2,946"
부산광역시,해운대구,"4,344","5,192","4,538","4,242","4,003","3,343","3,804","4,224","3,624","4,014","4,245","5,243","5,466","6,871","5,943","4,253","4,561","4,732","4,935","5,373","4,958","4,884","5,272","6,690","5,871","5,739","5,252","4,363","4,131","4,058"
부산광역시,사하구,"3,488","3,929","3,508","3,563","3,219","2,626","2,699","2,790","2,560","2,919","2,809","3,440","3,435","3,715","3,921","3,674","2,879","3,294","2,910","3,158","3,455","3,468","3,592","4,080","3,779","4,341","4,149","3,502","3,351","3,028"
부산광역시,금정구,"3,040","3,277","2,800","2,396","2,325","1,905","2,191","2,423","2,196","2,536","2,402","3,015","3,071","3,804","3,704","3,032","2,512","2,912","2,746","3,092","2,873","2,719","2,763","3,923","3,542","3,568","3,150","2,519","2,520","2,475"
부산광역시,강서구,"1,761","2,020","1,648","1,583","1,437","1,160","1,297","1,317","1,122","1,338","1,276","1,626","1,665","1,941","1,627","3,192","1,373","1,265","1,221","1,571","1,716","1,603","1,729","2,133","1,907","2,137","1,609","1,442","1,350","1,354"
부산광역시,연제구,"2,370","2,544","2,338","2,494","2,131","2,290","2,212","2,178","1,878","2,251","2,305","2,762","2,788","3,078","3,249","2,424","2,240","2,479","2,346","2,900","2,693","2,611","3,075","3,567","2,840","2,783","2,955","2,607","2,499","2,320"
부산광역시,수영구,"2,434","2,375","2,117","2,250","2,176","2,087","2,167","2,433","2,143","2,453","2,379","2,567","2,667","2,992","3,169","2,457","2,332","2,341","2,535","3,046","3,044","2,740","2,782","3,300","2,698","2,721","2,930","2,258","2,313","2,319"
부산광역시,사상구,"2,110","2,288","2,150","2,054","1,920","1,807","1,809","1,990","1,735","2,131","1,992","2,243","2,025","2,373","2,498","2,221","1,980","1,971","1,972","2,061","2,022","2,053","2,262","2,490","2,307","2,311","2,465","2,088","2,208","2,028"
부산광역시,기장군,"1,540","1,765","1,299","1,369","1,185",973,"1,161","1,262","1,197","1,271","1,241","1,537","1,692","3,216","2,233","2,071","1,853","1,777","2,100","1,815","1,500","1,532","1,401","1,805","2,087","2,220","1,928","1,637","1,427","1,279"
대구광역시,소계,"32,735","33,654","27,708","25,185","28,792","24,933","26,231","25,451","23,294","27,452","27,825","32,832","29,106","34,810","35,181","28,545","26,618","28,145","26,876","26,926","29,824","29,303","32,114","36,635","31,595","33,897","33,844","27,429","24,686","23,620"
대구광역시,중  구,"1,442","1,359","1,272","1,222","1,346","1,172","1,069","1,108","1,038","1,155","1,119","1,365","1,277","1,499","1,577","1,300","1,265","1,318","1,148","1,044","1,262","1,156","1,225","1,570","1,355","1,381","1,502","1,184","1,094","1,027"
대구광역시,동  구,"4,981","4,823","4,048","3,577","4,057","3,721","3,904","3,556","3,084","3,623","3,706","4,552","3,996","4,958","5,010","4,149","3,918","4,354","4,022","3,778","4,304","4,275","4,686","5,215","4,444","4,772","5,285","4,491","3,772","3,516"
대구광역시,서  구,"2,283","2,182","2,163","2,461","2,937","2,738","2,841","2,446","2,222","2,333","2,134","2,292","1,873","2,049","2,527","1,952","2,037","2,106","1,853","1,735","2,055","1,890","2,136","2,131","1,790","1,801","2,160","1,792","1,725","1,873"
대구광역시,남  구,"2,443","2,478","2,235","1,964","2,209","1,844","2,093","1,968","1,807","2,119","2,067","2,249","1,919","2,172","2,537","2,087","1,865","2,066","1,974","1,869","2,175","2,247","2,463","2,523","2,206","2,167","2,405","2,045","1,975","1,894"
대구광역시,북  구,"5,005","5,563","4,346","3,880","5,503","4,526","4,540","4,204","3,672","4,639","4,698","5,414","4,703","5,831","6,165","4,916","4,841","5,310","4,628","4,788","5,148","4,427","4,893","6,006","5,176","5,985","6,335","4,785","4,314","3,955"
대구광역시,수성구,"5,873","6,664","5,116","4,260","4,599","4,017","4,345","4,610","4,384","5,221","5,516","6,259","5,872","7,445","6,413","5,185","4,535","4,694","4,612","4,748","4,872","5,406","6,216","7,300","6,313","6,929","6,212","5,271","4,750","4,567"
대구광역시,달서구,"7,897","7,630","6,057","5,682","5,891","5,009","5,476","5,494","4,975","5,952","6,053","7,313","6,773","7,762","7,917","6,462","5,816","6,047","6,185","6,394","7,222","7,308","7,531","8,393","7,098","7,208","6,788","5,562","5,103","4,886"
대구광역시,달성군,"2,811","2,955","2,471","2,139","2,250","1,906","1,963","2,065","2,112","2,410","2,532","3,388","2,693","3,094","3,035","2,494","2,341","2,250","2,454","2,570","2,786","2,594","2,964","3,497","3,213","3,654","3,157","2,299","1,953","1,902"
인천광역시,소계,"37,061","39,321","37,659","35,954","37,115","31,106","35,116","34,441","30,545","35,176","34,138","34,719","32,134","42,278","44,279","38,488","36,833","38,934","37,000","40,008","37,855","34,225","36,039","42,231","34,324","36,143","40,554","35,240","35,336","34,330"
인천광역시,중  구,"1,874","1,923","1,889","1,926","2,075","1,719","1,997","1,734","1,466","1,842","1,663","1,754","1,653","1,938","2,205","1,927","1,660","1,899","1,800","1,960","1,669","1,680","1,809","1,989","1,938","1,935","2,319","2,003","1,978","1,757"
인천광역시,동  구,725,797,741,690,693,560,601,585,510,647,690,582,491,634,802,737,625,801,702,706,696,627,629,"1,161",735,592,696,605,698,700
인천광역시,남  구,0,0,0,0,0,0,0,0,0,0,0,0,0,0,0,0,0,0,0,0,0,0,0,0,0,0,0,0,0,0
인천광역시,미추홀구,"5,514","5,738","5,805","5,469","5,694","4,680","5,234","5,189","4,611","5,291","5,117","4,980","4,624","5,942","6,482","5,816","5,297","5,719","5,744","5,999","5,776","5,303","5,191","6,636","4,948","4,987","5,757","5,266","5,155","5,486"
인천광역시,연수구,"5,069","5,664","4,126","3,986","4,261","3,714","4,532","4,843","3,962","4,509","4,414","4,762","4,411","6,764","6,057","5,093","5,022","5,139","4,967","5,874","5,433","4,940","5,444","5,797","4,721","5,323","5,359","4,117","4,451","4,432"
인천광역시,남동구,"6,585","6,926","7,122","6,484","6,903","5,710","6,407","6,399","5,703","6,279","6,304","6,141","5,483","7,521","7,734","6,939","6,996","6,749","6,526","7,681","6,809","5,862","6,148","7,276","6,159","6,138","6,993","6,253","6,272","5,976"
인천광역시,부평구,"6,223","6,192","6,359","6,502","6,820","5,601","6,453","6,066","5,477","6,342","5,834","5,863","5,587","7,177","7,672","6,583","6,457","6,775","6,017","6,320","6,238","5,800","6,354","7,613","6,015","6,223","6,806","6,053","6,335","5,996"
인천광역시,계양구,"3,626","4,032","4,140","4,045","3,558","2,917","3,197","3,059","2,947","3,340","3,197","3,269","2,846","3,670","4,089","3,684","3,088","3,588","3,320","3,471","3,611","3,198","3,375","3,731","3,102","3,588","4,461","3,741","3,410","3,215"
인천광역시,서구,"6,482","6,848","6,592","5,996","6,328","5,440","5,989","5,806","5,259","6,119","6,120","6,370","6,070","7,598","8,077","6,866","6,888","7,378","7,032","7,118","6,837","6,035","6,264","7,110","5,839","6,451","7,090","6,334","6,184","5,952"
인천광역시,강화군,611,693,581,552,520,503,469,502,427,584,571,668,609,651,809,578,551,611,655,642,579,594,608,644,578,594,757,560,633,577
인천광역시,옹진군,352,508,304,304,263,262,237,258,183,223,228,330,360,383,352,265,249,275,237,237,207,186,217,274,289,312,316,308,220,239
광주광역시,소계,"19,465","22,340","19,992","17,215","17,165","15,129","18,496","18,171","15,990","18,003","18,254","20,785","19,282","21,884","23,235","19,133","17,539","18,889","17,230","16,906","18,371","17,942","18,907","22,928","21,594","22,001","21,570","17,967","17,366","16,658"
광주광역시,동  구,"1,562","1,656","1,580","1,369","1,383","1,366","1,680","1,721","1,382","1,378","1,469","1,583","1,467","1,689","1,732","1,437","1,260","1,339","1,147","1,148","1,430","1,550","1,446","1,591","1,597","1,788","1,707","1,566","1,510","1,405"
광주광역시,서  구,"3,962","4,573","4,267","3,384","3,494","3,298","3,982","3,681","3,381","3,831","3,877","4,249","3,945","4,586","4,915","4,097","3,623","4,000","3,484","3,265","3,713","3,643","3,785","4,581","4,285","4,474","4,573","3,736","3,595","3,596"
광주광역시,남  구,"3,085","3,732","3,018","2,514","2,527","2,428","3,186","2,947","2,493","2,711","2,814","3,132","2,814","3,256","3,132","2,649","2,808","2,630","2,459","2,459","2,631","2,502","2,796","3,453","3,182","3,216","3,390","2,744","2,784","2,624"
광주광역시,북  구,"5,752","6,577","5,992","5,635","5,435","4,355","5,299","5,468","4,865","5,452","5,452","6,305","5,875","6,669","7,217","5,694","5,193","5,819","5,172","5,004","5,827","5,448","5,871","7,230","6,812","6,583","6,141","5,247","5,069","4,784"
광주광역시,광산구,"5,104","5,802","5,135","4,313","4,326","3,682","4,349","4,354","3,869","4,631","4,642","5,516","5,181","5,684","6,239","5,256","4,655","5,101","4,968","5,030","4,770","4,799","5,009","6,073","5,718","5,940","5,759","4,674","4,408","4,249"
대전광역시,소계,"22,133","23,295","19,846","17,372","16,640","15,142","18,850","17,890","17,136","19,436","18,866","22,160","21,431","25,800","23,210","18,408","18,014","19,547","17,945","17,860","18,551","20,288","18,519","23,845","21,146","22,280","21,761","16,804","15,875","15,835"
대전광역시,동  구,"3,611","3,506","2,720","2,543","2,445","2,053","2,680","2,563","2,489","2,979","2,909","3,394","3,137","3,971","3,578","2,872","2,833","3,043","2,592","2,690","2,666","2,740","2,483","3,952","3,755","3,435","3,177","2,486","2,379","2,309"
대전광역시,중  구,"3,227","3,252","3,080","2,581","2,629","2,297","2,727","2,710","2,754","2,974","3,033","3,281","2,957","3,628","3,626","3,030","2,998","3,211","2,852","2,766","2,804","2,839","2,669","3,599","2,895","3,089","3,320","2,661","2,526","2,526"
대전광역시,서  구,"7,192","7,751","6,759","6,344","5,888","5,263","6,498","6,052","6,224","6,701","6,226","7,360","7,135","8,600","7,783","6,122","6,150","6,357","6,003","6,107","6,152","6,678","6,382","7,846","6,848","7,549","7,430","5,666","5,309","5,443"
대전광역시,유성구,"5,948","6,569","5,205","4,100","3,826","3,876","4,963","4,739","4,072","4,740","4,702","5,883","6,106","7,190","5,767","4,364","4,074","4,633","4,424","4,495","4,459","4,848","4,697","5,959","5,518","6,245","5,633","4,152","3,877","3,822"
대전광역시,대덕구,"2,155","2,217","2,082","1,804","1,852","1,653","1,982","1,826","1,597","2,042","1,996","2,242","2,096","2,411","2,456","2,020","1,959","2,303","2,074","1,802","2,470","3,183","2,288","2,489","2,130","1,962","2,201","1,839","1,784","1,735"
울산광역시,소계,"13,788","15,870","14,893","14,154","13,018","10,234","11,967","11,208","9,795","11,892","11,808","13,601","13,474","16,779","14,811","11,731","11,001","11,695","10,763","11,110","10,800","10,813","12,101","14,618","14,144","15,609","14,469","11,220","10,966","10,951"
울산광역시,중구,"2,792","3,286","3,262","3,279","2,766","2,081","2,503","2,295","2,130","2,424","2,269","2,861","2,698","3,191","2,814","2,392","2,246","2,358","2,152","2,151","2,264","2,126","2,320","2,817","2,772","3,055","2,809","2,117","2,022","2,173"
울산광역시,남구,"4,351","4,628","4,236","3,974","3,925","3,160","3,747","3,617","3,107","3,862","3,983","4,614","4,461","5,588","5,091","4,137","3,472","4,058","3,869","3,866","3,835","3,789","4,258","5,101","4,772","4,868","4,639","3,500","3,588","3,615"
울산광역시,동구,"1,915","2,247","2,042","1,969","1,737","1,392","1,493","1,454","1,271","1,651","1,534","1,715","1,754","2,305","2,198","1,677","1,452","1,474","1,271","1,422","1,307","1,309","1,462","1,771","1,642","1,919","1,832","1,512","1,489","1,336"
울산광역시,북구,"2,422","2,752","2,890","2,706","2,366","1,813","2,132","1,965","1,672","2,075","2,117","2,271","2,230","2,994","2,508","2,008","1,950","1,841","1,664","1,894","1,679","1,827","2,023","2,521","2,731","3,179","2,701","2,082","1,959","1,972"
울산광역시,울주군,"2,308","2,957","2,463","2,226","2,224","1,788","2,092","1,877","1,615","1,880","1,905","2,140","2,331","2,701","2,200","1,517","1,881","1,964","1,807","1,777","1,715","1,762","2,038","2,408","2,227","2,588","2,488","2,009","1,908","1,855"
세종특별자치시,소계,"5,368","6,329","4,653","4,014","3,953","4,002","5,129","4,701","4,694","5,549","4,745","5,537","6,292","7,597","5,826","4,361","4,035","4,780","4,428","4,767","4,924","6,557","5,765","6,577","6,216","6,220","5,413","4,218","3,972","4,521"
세종특별자치시,세종특별자치시,"5,368","6,329","4,653","4,014","3,953","4,002","5,129","4,701","4,694","5,549","4,745","5,537","6,292","7,597","5,826","4,361","4,035","4,780","4,428","4,767","4,924","6,557","5,765","6,577","6,216","6,220","5,413","4,218","3,972","4,521"
경기도,소계,"165,024","169,249","158,699","153,050","145,768","124,662","147,964","148,674","137,590","155,225","143,562","156,829","157,840","198,804","192,318","147,641","147,775","154,269","154,006","168,377","167,947","157,536","158,193","179,493","149,255","178,431","196,741","159,297","146,073","140,592"
경기도,수원시,"17,127","17,955","15,966","17,056","15,480","13,588","15,245","14,574","13,467","14,566","13,836","15,544","16,181","19,618","19,338","14,528","12,733","12,861","12,915","13,584","14,274","13,361","13,904","16,221","14,052","17,828","21,891","16,774","14,537","13,569"
경기도,성남시,"12,086","12,976","11,511","11,217","10,936","9,307","11,210","12,087","11,555","12,934","11,324","12,806","12,880","16,130","14,409","11,045","11,241","11,311","11,386","14,569","14,396","12,846","12,161","14,019","11,282","13,774","15,675","11,844","11,304","12,681"
경기도,의정부시,"6,314","5,327","5,707","5,617","5,188","3,886","4,372","4,455","4,369","5,014","4,577","4,854","4,583","6,789","6,977","5,142","5,088","5,337","5,577","6,026","6,453","5,312","4,933","6,497","5,026","5,551","6,083","5,190","4,617","4,542"
경기도,안양시,"7,337","7,561","7,154","6,994","7,058","5,598","6,214","6,400","6,150","7,167","6,658","9,424","9,188","11,385","9,411","7,496","8,457","8,790","7,526","7,661","7,581","6,812","6,527","7,111","5,918","10,271","11,100","7,837","7,205","6,995"
경기도,부천시,"9,665","10,165","10,282","9,306","9,350","7,929","7,884","7,521","7,200","8,468","7,836","8,301","7,968","10,219","10,456","8,400","8,965","9,430","8,777","8,955","8,590","8,319","8,177","9,429","7,853","8,439","9,401","8,175","8,077","7,399"
경기도,광명시,"4,558","5,225","4,822","4,557","4,405","3,648","3,581","3,563","3,277","4,259","3,668","3,798","3,779","5,463","4,875","4,346","4,973","5,434","5,140","5,935","6,549","6,531","6,119","5,958","4,138","4,003","4,402","4,091","4,239","3,648"
경기도,평택시,"6,487","7,615","7,121","6,553","5,774","4,934","6,761","6,262","6,104","6,652","6,123","7,290","6,904","7,889","7,476","5,831","6,283","6,513","6,239","6,193","6,505","6,445","6,670","7,132","6,802","7,068","8,259","7,378","6,569","6,393"
경기도,동두천시,"1,257","1,182","1,357","1,124","1,153",879,"1,071",953,913,"1,127","1,051",977,897,"1,241","1,344","1,033","1,016","1,197","1,270","1,068","1,094","1,005",970,"1,250","1,059","1,341","1,598","1,325","1,094","1,087"
경기도,안산시,"7,908","7,817","7,849","7,965","7,995","7,353","9,767","9,085","8,082","8,642","7,626","7,184","7,150","10,998","14,617","10,040","8,717","9,336","9,079","7,759","7,379","7,861","11,218","9,866","7,489","7,543","9,023","7,885","7,253","6,878"
경기도,고양시,"11,783","12,484","12,904","11,582","11,085","9,387","11,849","13,488","12,384","13,221","11,211","12,687","12,765","16,120","14,974","11,423","11,650","12,488","12,544","13,330","13,544","13,013","12,532","14,972","12,639","14,063","15,476","12,784","11,611","10,620"
경기도,과천시,723,858,777,638,645,502,631,613,585,614,476,701,681,"1,055",675,"1,067","1,016",846,792,685,664,775,719,"1,302","1,093","1,735","1,293",799,784,708
경기도,구리시,"2,234","2,485","2,318","2,339","2,204","2,009","2,386","2,589","2,301","2,516","2,207","2,160","2,210","3,280","3,506","2,768","2,504","2,721","2,474","2,156","2,839","2,695","2,326","2,315","2,025","2,569","2,717","2,472","2,578","2,263"
경기도,남양주시,"6,693","7,411","6,345","6,441","5,989","5,187","6,891","7,023","6,251","6,689","6,167","6,093","6,505","8,814","7,872","6,127","6,191","6,408","6,638","6,612","6,706","6,696","6,409","6,947","5,750","8,380","9,015","6,805","6,004","5,785"
경기도,오산시,"2,927","2,843","2,682","2,771","2,423","2,277","2,578","2,730","2,226","2,524","2,808","2,936","2,614","2,999","3,109","2,262","2,553","2,491","2,474","2,962","2,749","2,447","2,625","2,860","2,595","2,620","3,042","2,626","2,318","2,345"
경기도,시흥시,"4,774","5,300","5,499","5,444","5,201","4,908","5,564","5,434","4,644","5,628","5,047","4,905","4,936","6,284","6,271","4,897","5,235","6,576","6,678","7,835","6,772","5,584","5,940","6,118","5,663","5,763","6,287","5,424","5,246","4,892"
경기도,군포시,"3,498","3,323","3,111","2,821","2,912","2,148","2,863","3,187","2,800","3,775","3,409","3,279","2,970","3,936","4,072","3,189","3,564","3,479","3,105","3,184","3,343","2,981","2,783","3,238","2,681","3,746","4,175","3,144","2,975","2,610"
경기도,의왕시,"1,589","1,905","2,357","2,177","1,982","1,693","1,760","1,690","1,486","1,689","1,589","2,678","2,661","3,307","2,918","2,327","2,498","2,247","2,031","1,924","2,199","1,661","1,519","1,755","1,521","2,250","2,427","1,768","1,688","1,526"
경기도,하남시,"3,628","4,011","3,623","3,373","2,948","2,465","3,239","3,047","2,819","3,672","2,942","3,146","3,275","4,462","3,860","3,306","3,250","3,378","3,060","3,368","3,919","4,046","3,661","3,901","3,092","4,608","5,357","3,793","3,392","3,895"
경기도,용인시,"13,797","13,610","11,644","10,831","10,452","9,755","12,025","11,552","10,835","11,670","11,817","12,949","13,238","16,399","14,567","11,799","10,979","10,692","11,760","12,653","12,790","12,534","12,752","14,889","12,292","15,293","15,456","11,749","11,268","10,902"
경기도,파주시,"5,249","4,936","4,818","4,657","4,469","3,726","4,299","4,309","4,041","4,683","4,486","4,901","4,701","5,297","5,696","4,107","4,393","4,349","4,597","7,370","6,874","5,925","5,504","5,780","5,062","5,760","6,096","4,786","4,104","4,201"
경기도,이천시,"3,196","3,064","2,637","2,266","2,188","1,835","2,063","2,360","2,146","2,528","2,837","2,902","2,640","2,661","2,415","1,821","2,049","2,214","2,105","2,265","2,234","2,161","2,218","4,004","2,615","2,601","2,786","2,188","2,534","2,372"
경기도,안성시,"2,879","2,652","2,301","2,031","1,907","1,675","2,250","2,006","1,794","1,965","2,100","2,103","2,007","2,169","2,331","1,670","1,627","1,853","1,825","2,004","2,133","1,979","1,992","2,312","1,970","2,257","2,517","2,009","1,767","1,817"
경기도,김포시,"4,929","4,906","4,504","4,274","4,240","3,400","4,194","3,996","3,789","4,260","4,159","4,462","4,520","6,002","6,307","4,904","5,064","4,919","6,202","10,013","8,044","6,452","5,904","7,829","5,980","6,026","6,332","4,933","4,720","4,310"
경기도,화성시,"11,420","11,717","10,189","9,932","9,186","7,924","9,445","10,044","8,852","9,530","8,895","9,473","11,461","13,888","11,921","8,471","8,497","8,367","8,196","8,989","9,587","9,329","9,731","11,125","10,026","12,238","12,385","12,061","9,705","8,809"
경기도,광주시,"3,563","3,588","3,448","3,539","3,501","2,862","3,312","3,338","3,571","4,277","3,783","3,752","3,676","4,062","4,016","3,487","3,115","3,717","3,590","4,259","4,092","3,905","3,945","4,271","3,630","4,137","4,690","4,047","3,870","3,968"
경기도,양주시,"3,338","2,610","2,502","2,565","2,443","1,825","2,015","2,000","1,892","2,402","2,145","2,237","2,269","2,906","3,233","2,468","2,105","2,637","3,147","2,461","2,252","2,236","2,181","2,383","2,313","3,265","3,186","2,523","2,150","1,955"
경기도,포천시,"2,013","1,808","1,704","1,681","1,538","1,170","1,442","1,371","1,236","1,371","1,354","1,511","1,596","1,789","1,926","1,053","1,260","1,556","1,623","1,436","1,369","1,500","1,535","1,672","1,468","1,809","2,084","1,559","1,384","1,319"
경기도,여주시,"1,443","1,309","1,116",970,"1,077",949,940,996,953,"1,246","1,074","1,245","1,175","1,178","1,214",914,924,962,996,997,961,916,"1,032","1,670","1,166","1,195","1,377","1,072","1,024",978
경기도,여주군,0,0,0,0,0,0,0,0,0,0,0,0,0,0,0,0,0,0,0,0,0,0,0,0,0,0,0,0,0,0
경기도,양주군,0,0,0,0,0,0,0,0,0,0,0,0,0,0,0,0,0,0,0,0,0,0,0,0,0,0,0,0,0,0
경기도,화성군,0,0,0,0,0,0,0,0,0,0,0,0,0,0,0,0,0,0,0,0,0,0,0,0,0,0,0,0,0,0
경기도,파주군,0,0,0,0,0,0,0,0,0,0,0,0,0,0,0,0,0,0,0,0,0,0,0,0,0,0,0,0,0,0
경기도,광주군,0,0,0,0,0,0,0,0,0,0,0,0,0,0,0,0,0,0,0,0,0,0,0,0,0,0,0,0,0,0
경기도,연천군,612,614,526,505,465,360,391,331,329,412,420,512,491,514,550,357,348,462,534,484,348,410,427,413,446,470,545,459,412,393
경기도,포천군,0,0,0,0,0,0,0,0,0,0,0,0,0,0,0,0,0,0,0,0,0,0,0,0,0,0,0,0,0,0
경기도,가평군,682,657,600,644,494,473,609,546,486,588,659,652,677,647,630,456,443,553,588,537,576,560,539,733,553,662,647,542,513,514
경기도,양평군,"1,315","1,335","1,325","1,180","1,080","1,010","1,113","1,124","1,053","1,136","1,278","1,367","1,242","1,303","1,352",907,"1,037","1,145","1,138","1,103","1,131","1,239","1,240","1,521","1,056","1,166","1,419","1,255","1,131","1,218"
경기도,이천군,0,0,0,0,0,0,0,0,0,0,0,0,0,0,0,0,0,0,0,0,0,0,0,0,0,0,0,0,0,0
경기도,용인군,0,0,0,0,0,0,0,0,0,0,0,0,0,0,0,0,0,0,0,0,0,0,0,0,0,0,0,0,0,0
경기도,안성군,0,0,0,0,0,0,0,0,0,0,0,0,0,0,0,0,0,0,0,0,0,0,0,0,0,0,0,0,0,0
경기도,김포군,0,0,0,0,0,0,0,0,0,0,0,0,0,0,0,0,0,0,0,0,0,0,0,0,0,0,0,0,0,0
강원도,소계,"22,722","22,213","20,361","18,094","17,293","14,403","16,154","17,434","15,212","15,687","16,874","19,518","22,664","23,679","22,746","17,495","14,772","18,102","16,661","14,604","15,610","16,166","16,799","18,599","18,450","19,475","20,872","17,287","15,717","15,089"
강원도,춘천시,"3,496","3,856","3,596","3,110","2,810","2,425","2,990","4,658","3,228","2,974","4,227","4,846","4,399","4,636","4,636","3,593","3,132","3,126","3,077","2,705","3,735","4,344","3,645","3,558","3,491","3,914","4,068","3,301","3,016","2,689"
강원도,원주시,"5,938","5,993","5,405","4,455","4,937","4,318","4,367","4,454","3,921","4,079","4,008","4,526","5,525","6,103","5,530","4,437","3,583","4,515","4,786","4,030","3,945","3,684","3,962","4,674","4,471","4,959","5,255","4,191","3,726","3,747"
강원도,강릉시,"3,631","3,072","3,004","3,244","2,553","1,813","2,494","2,134","2,028","2,223","2,161","2,430","3,391","3,328","3,238","2,486","2,188","2,904","2,250","1,982","2,091","2,092","2,309","2,724","2,550","2,715","2,934","2,359","2,023","2,113"
강원도,동해시,"1,296","1,449","1,135",999,971,686,718,808,720,718,729,810,"1,404","1,530","1,435","1,123",939,"1,069",829,838,839,809,876,932,"1,063","1,082","1,130","1,121","1,174",831
강원도,태백시,636,574,491,501,478,398,421,395,378,417,387,524,548,637,644,473,348,304,426,400,323,343,404,432,489,494,515,355,349,363
강원도,속초시,"1,164","1,113","1,303","1,164","1,137",937,896,947,"1,034","1,053","1,008","1,032","1,124","1,270","1,337","1,005","1,132","1,759","1,237",922,984,938,986,"1,091",931,"1,071","1,378","1,481","1,215","1,183"
강원도,삼척시,969,931,893,667,658,516,556,568,541,605,626,829,"1,026",953,"1,121",718,575,647,603,517,626,606,685,793,785,773,746,649,619,572
강원도,홍천군,794,694,650,590,528,547,513,533,482,511,544,702,787,800,697,470,347,551,508,490,450,523,562,635,647,708,718,586,579,539
강원도,횡성군,460,508,456,414,360,334,336,377,332,348,373,453,496,485,477,346,240,375,388,319,288,335,375,457,387,348,468,371,369,344
강원도,영월군,475,441,461,327,324,270,298,301,297,272,257,354,457,479,472,379,226,257,253,239,273,247,303,386,385,419,417,316,265,265
강원도,평창군,436,383,404,369,326,278,302,310,297,284,297,394,404,415,433,310,296,353,314,254,343,351,340,354,372,384,395,317,295,340
강원도,정선군,487,459,388,295,307,250,280,281,321,284,287,310,374,458,420,267,209,294,276,247,244,280,263,337,338,325,432,315,212,285
강원도,철원군,688,703,475,438,419,343,377,365,321,605,473,477,584,550,518,437,335,414,355,370,315,357,420,527,536,551,468,362,355,372
강원도,화천군,474,419,306,308,269,271,403,291,299,318,326,332,465,420,321,279,227,263,269,256,184,299,359,337,431,344,407,341,316,261
강원도,양구군,378,410,252,241,240,227,307,235,221,232,294,421,479,405,299,268,181,290,211,203,190,212,241,305,372,361,277,249,163,192
강원도,인제군,564,507,466,358,290,290,341,307,300,301,354,490,517,571,504,326,301,319,311,291,334,305,569,441,555,455,471,380,453,458
강원도,고성군,455,378,341,323,440,273,298,257,282,244,262,282,342,344,341,310,222,352,282,273,245,225,202,300,314,274,435,300,343,300
강원도,양양군,381,323,335,291,246,227,257,213,210,219,261,306,342,295,323,268,291,310,286,268,201,216,298,316,333,298,358,293,245,235
충청북도,소계,"21,478","20,772","17,929","15,827","15,798","13,201","14,373","16,472","15,284","20,000","18,214","19,483","20,743","21,342","22,830","17,433","16,422","19,437","16,684","15,657","16,600","18,006","17,757","23,530","21,205","21,225","20,853","17,260","15,283","16,673"
충청북도,청주시,"11,831","11,605","9,560","8,291","8,816","7,316","7,792","9,553","7,905","10,838","9,193","10,070","11,611","12,264","13,257","9,855","9,381","12,054","9,939","8,875","9,640","10,799","10,173","14,555","11,820","12,758","11,795","10,165","8,775","9,996"
충청북도,충주시,"2,723","2,712","2,558","2,121","2,184","1,748","2,012","1,993","3,006","4,128","4,196","3,801","2,989","2,974","2,894","2,448","2,281","2,244","2,163","2,331","2,211","2,180","2,394","2,778","2,682","2,682","2,862","2,205","1,977","2,050"
충청북도,제천시,"1,745","1,798","1,670","1,850","1,540","1,273","1,345","1,445","1,291","1,323","1,248","1,450","1,516","1,719","1,938","1,444","1,301","1,383","1,289","1,189","1,151","1,342","1,329","1,459","1,432","1,421","1,634","1,384","1,262","1,260"
충청북도,청원군,0,0,0,0,0,0,0,0,0,0,0,0,0,0,0,0,0,0,0,0,0,0,0,0,0,0,0,0,0,0
충청북도,보은군,301,263,285,248,253,245,218,223,247,221,245,275,274,264,305,216,227,278,256,210,237,253,219,312,296,218,287,218,254,262
충청북도,옥천군,376,386,348,299,313,277,310,296,302,324,310,364,363,390,412,292,255,357,352,334,341,319,344,415,439,446,451,333,338,292
충청북도,영동군,663,615,490,405,357,311,373,381,336,383,359,515,612,535,595,464,409,422,356,322,350,362,390,509,516,506,529,351,319,326
충청북도,증평군,468,389,354,330,262,254,297,306,291,330,350,376,346,361,424,329,325,420,299,334,300,389,389,651,450,424,459,338,260,342
충청북도,진천군,906,"1,001",878,703,687,573,641,790,581,868,768,830,785,930,982,759,744,774,677,714,791,756,844,949,869,842,965,756,733,690
충청북도,괴산군,886,515,423,420,354,263,285,316,274,407,423,556,"1,068",589,592,442,402,392,350,288,310,330,374,588,"1,422",632,526,432,360,378
충청북도,음성군,"1,259","1,228","1,100",939,849,761,879,950,850,967,911,981,929,"1,035","1,171",959,884,930,797,861,"1,100","1,106","1,103","1,055","1,032","1,048","1,095",852,837,848
충청북도,단양군,320,260,263,221,183,180,221,219,201,211,211,265,250,281,260,225,213,183,206,199,169,170,198,259,247,248,250,226,168,229
충청남도,소계,"26,122","27,053","23,777","20,685","20,194","17,580","20,148","21,538","19,249","20,506","19,892","22,840","24,999","29,472","27,850","22,465","22,113","24,381","21,779","22,166","21,778","20,623","21,638","27,122","25,706","27,628","28,040","22,133","20,300","21,859"
충청남도,천안시,"8,580","8,952","8,063","6,935","7,024","6,139","7,374","8,233","7,058","7,307","6,892","7,561","8,096","10,201","9,701","7,699","8,287","9,494","8,189","8,326","8,617","7,578","7,962","9,809","9,249","9,393","9,379","7,952","7,620","7,918"
충청남도,공주시,"1,589","1,397","1,245","1,146","1,015",935,946,"1,043",948,"1,075","1,002","1,131","1,210","1,351","1,339","1,150",973,"1,163","1,046","1,163","1,105","1,187","1,209","1,356","1,181","1,207","1,290","1,063",996,981
충청남도,보령시,"1,187","1,214","1,026",900,900,762,879,"1,085","1,147","1,032",984,"1,332","1,537","1,489","1,479","1,165","1,161","1,141","1,052",871,936,946,975,"1,140","1,223","1,297","1,227",894,817,852
충청남도,아산시,"3,566","3,928","3,491","3,184","3,080","2,822","3,157","3,238","2,892","3,007","3,091","3,180","3,855","4,770","4,426","3,386","3,264","4,097","3,366","3,670","3,518","3,084","3,205","3,800","3,696","3,909","4,080","3,338","3,408","4,111"
충청남도,서산시,"2,062","2,408","1,996","1,710","1,792","1,451","1,557","1,768","1,519","1,606","1,675","1,799","1,954","2,189","2,087","1,802","1,687","1,739","1,739","1,681","1,599","1,592","1,674","1,916","1,809","2,761","2,995","2,144","1,716","1,914"
충청남도,논산시,"1,467","1,635","1,396","1,074","1,057",918,979,923,925,"1,017","1,070","1,359","1,355","1,579","1,435","1,245","1,159","1,062","1,002","1,030",938,"1,052","1,015","1,405","1,279","1,401","1,362","1,033",924,938
충청남도,계룡시,"1,339","1,276",800,551,415,457,590,607,477,623,584,927,"1,242","1,274",844,536,561,545,482,605,519,699,706,880,"1,157","1,053",867,511,425,528
충청남도,당진시,"1,841","1,937","1,912","1,605","1,474","1,369","1,508","1,434","1,365","1,602","1,501","1,601","1,766","2,060","2,057","1,705","1,557","1,508","1,721","1,645","1,522","1,481","1,714","2,736","2,125","2,534","2,491","1,745","1,507","1,511"
충청남도,금산군,503,435,459,385,429,308,359,386,372,417,370,486,483,566,535,443,379,453,312,360,359,340,326,468,434,418,468,351,316,361
충청남도,연기군,0,0,0,0,0,0,0,0,0,0,0,0,0,0,0,0,0,0,0,0,0,0,0,0,0,0,0,0,0,0
충청남도,논산군,0,0,0,0,0,0,0,0,0,0,0,0,0,0,0,0,0,0,0,0,0,0,0,0,0,0,0,0,0,0
충청남도,부여군,597,596,552,550,479,390,431,471,432,483,422,537,541,579,609,490,511,512,453,465,422,414,464,554,522,538,574,434,410,421
충청남도,서천군,406,445,386,327,358,289,330,378,325,320,350,457,418,456,475,406,408,401,361,360,342,358,386,450,435,430,474,403,345,330
충청남도,청양군,510,357,306,289,252,211,257,216,192,228,214,309,387,391,335,278,256,309,216,219,223,188,221,316,302,251,334,237,211,219
충청남도,홍성군,"1,135","1,121",926,933,826,730,787,734,679,712,796,937,941,"1,099","1,109",962,800,872,828,721,746,766,720,923,"1,108","1,007","1,008",860,675,734
충청남도,예산군,737,741,667,557,585,433,530,586,526,581,502,653,660,776,800,711,594,611,525,602,548,541,606,723,599,676,780,624,527,559
충청남도,태안군,603,611,552,539,508,366,464,436,392,496,439,571,554,692,619,487,516,474,487,448,384,397,455,646,587,753,711,544,403,482
충청남도,당진군,0,0,0,0,0,0,0,0,0,0,0,0,0,0,0,0,0,0,0,0,0,0,0,0,0,0,0,0,0,0
전라북도,소계,"23,930","25,655","23,912","20,044","18,353","15,264","18,391","17,940","16,979","18,647","19,440","22,968","23,350","25,856","25,269","20,086","18,710","21,151","20,756","19,354","20,375","19,181","19,650","23,839","21,142","21,678","22,727","17,747","16,136","17,676"
전라북도,전주시,"8,492","10,223","9,915","8,421","7,137","6,035","7,477","7,187","6,979","7,483","7,780","9,421","8,424","10,805","10,028","8,353","7,362","9,099","8,310","8,428","8,634","7,605","7,457","9,772","8,397","8,755","8,978","7,234","6,404","6,758"
전라북도,군산시,"3,658","3,728","3,425","2,956","2,764","2,371","2,866","2,715","2,587","2,738","2,847","3,150","3,418","4,018","3,813","2,996","3,081","3,342","4,073","2,975","3,760","3,357","3,296","3,652","3,100","3,395","3,762","2,760","2,575","2,643"
전라북도,익산시,"3,905","4,363","3,673","2,948","3,090","2,579","2,997","2,907","2,612","2,902","3,134","3,504","3,458","3,646","3,853","2,832","3,025","3,284","3,248","2,972","3,016","3,042","3,295","3,740","3,583","3,450","3,565","2,760","2,592","3,682"
전라북도,정읍시,"1,188","1,251","1,189","1,004",984,767,"1,062","1,014",918,975,993,"1,571","1,455","1,569","1,556","1,154","1,062","1,115","1,071",993,959,925,"1,062","1,228",972,"1,009","1,182",963,874,861
전라북도,남원시,915,909,922,781,758,584,665,688,614,759,979,"1,093","2,062","1,063","1,005",814,782,745,616,575,825,761,755,949,839,819,882,696,618,607
전라북도,김제시,901,860,996,931,757,577,672,669,634,760,715,841,830,939,936,822,723,804,763,700,691,731,845,938,899,"1,072",943,772,755,726
전라북도,완주군,"1,090","1,418","1,197",992,903,712,839,816,872,948,904,"1,082",993,"1,211","1,246",949,834,836,796,964,789,949,977,"1,185","1,112","1,000","1,032",728,741,773
전라북도,진안군,267,220,188,217,209,177,204,205,167,197,227,233,242,252,268,236,191,200,243,176,178,212,242,258,242,220,212,163,153,173
전라북도,무주군,229,203,179,184,165,154,126,161,125,195,156,173,209,216,241,176,157,177,177,136,145,134,155,211,204,216,199,177,151,155
전라북도,장수군,408,357,266,192,191,146,152,164,167,165,198,187,198,249,206,157,160,156,132,152,131,165,182,208,177,160,171,191,128,150
전라북도,임실군,"1,200",565,401,317,292,210,242,254,243,309,290,372,705,418,442,371,256,238,272,234,270,270,275,382,294,281,332,209,185,191
전라북도,순창군,377,290,318,220,266,195,232,289,262,278,279,317,295,335,374,263,225,251,223,232,231,243,294,299,351,260,322,249,227,187
전라북도,고창군,644,641,737,431,433,381,442,486,365,415,497,559,520,606,666,481,359,426,409,369,343,379,405,488,481,504,636,402,383,387
전라북도,부안군,656,627,506,450,404,376,415,385,434,523,441,465,541,529,635,482,493,478,423,448,403,408,410,529,491,537,511,443,350,383
전라남도,소계,"25,181","23,935","21,218","18,861","18,382","15,881","17,573","18,303","16,594","17,262","17,208","22,873","24,283","23,596","24,927","19,807","17,610","18,671","18,817","20,633","18,612","17,681","19,923","24,210","22,369","22,253","23,903","17,898","16,325","16,953"
전라남도,목포시,"3,273","3,129","3,049","2,552","2,760","2,436","2,679","2,846","2,449","2,539","2,480","2,978","3,095","3,344","3,559","2,991","2,575","2,761","3,582","4,240","3,550","3,390","3,592","3,942","3,453","3,442","3,733","3,251","2,983","2,810"
전라남도,여수시,"3,138","3,069","3,078","4,362","3,535","2,972","3,076","2,865","2,908","3,203","2,920","3,727","3,474","3,591","4,344","3,720","3,068","3,171","2,901","2,946","2,600","2,765","3,436","4,155","3,306","3,349","3,463","2,866","2,679","2,652"
전라남도,순천시,"3,495","4,134","3,449","2,754","3,081","2,533","2,689","3,158","2,774","2,742","3,105","4,901","2,918","3,500","3,657","3,327","3,321","3,157","3,383","3,550","3,204","2,628","3,165","4,219","3,292","3,648","3,517","2,607","2,595","3,092"
전라남도,나주시,"1,771","1,947","1,547","1,272","1,300","1,169","1,379","1,257","1,149","1,285","1,244","1,425","1,544","1,873","1,693","1,304","1,143","1,358","1,192","1,151","1,311","1,238","1,340","1,732","1,606","1,460","1,673","1,170","1,063","1,181"
전라남도,여천시,0,0,0,0,0,0,0,0,0,0,0,0,0,0,0,0,0,0,0,0,0,0,0,0,0,0,0,0,0,0
전라남도,광양시,"4,100","2,360","1,851","1,385","1,551","1,209","1,365","1,488","1,265","1,289","1,303","1,703","4,659","2,455","2,505","1,179","1,245","1,744","1,435","1,559","1,302","1,303","1,351","1,682","2,112","1,861","2,587","1,680","1,334","1,265"
전라남도,담양군,685,519,553,383,415,358,420,442,399,385,402,552,549,524,503,472,422,502,408,391,395,368,439,570,514,537,541,416,395,440
전라남도,곡성군,341,346,291,220,237,209,195,226,222,245,223,343,340,295,358,252,210,239,248,219,222,230,210,254,299,281,284,180,195,222
전라남도,구례군,574,401,314,266,253,209,236,206,185,194,201,362,557,372,398,270,246,245,207,221,202,235,263,265,376,285,289,210,195,219
전라남도,여천군,0,0,0,0,0,0,0,0,0,0,0,0,0,0,0,0,0,0,0,0,0,0,0,0,0,0,0,0,0,0
전라남도,고흥군,602,599,548,424,441,364,442,419,341,422,425,569,546,599,662,504,395,402,395,451,426,438,421,588,491,448,555,409,411,345
전라남도,보성군,402,454,408,378,259,264,320,315,327,301,291,426,365,384,434,351,335,299,320,295,268,258,315,379,320,338,377,264,230,256
전라남도,화순군,801,644,641,486,457,440,600,563,430,480,519,618,589,658,670,554,488,455,503,418,421,460,459,592,567,525,649,424,392,418
전라남도,장흥군,426,429,404,301,238,252,294,281,302,245,287,337,413,367,457,380,266,275,283,260,262,250,242,336,307,405,402,309,257,243
전라남도,강진군,423,401,363,308,253,213,227,242,252,285,304,389,334,344,414,367,328,303,243,257,229,216,244,348,339,351,339,262,239,205
전라남도,해남군,661,744,609,525,509,536,495,490,522,498,439,640,681,702,720,582,427,473,429,481,457,386,473,611,586,563,666,433,370,431
전라남도,영암군,583,659,620,466,405,406,483,723,501,495,416,524,621,644,648,533,436,413,447,597,431,471,508,621,515,582,671,491,490,512
전라남도,무안군,"1,030","1,172",926,695,715,674,694,762,666,655,631,950,991,"1,020",985,762,635,700,844,"1,614","1,378","1,105","1,417","1,207","1,283","1,487","1,357",948,736,774
전라남도,함평군,407,367,299,279,242,227,263,241,234,240,225,290,283,293,355,260,271,257,261,229,207,206,262,380,329,300,351,231,212,280
전라남도,영광군,616,549,569,487,437,387,404,414,365,427,432,522,518,576,568,444,407,456,390,404,399,431,416,584,554,545,582,430,367,402
전라남도,장성군,678,656,590,457,454,366,491,566,534,492,510,606,662,636,678,537,499,561,463,515,442,518,534,670,689,597,640,474,408,443
전라남도,완도군,434,550,431,302,296,239,345,333,325,325,311,342,419,530,485,386,318,379,320,298,304,274,297,417,392,453,471,307,258,272
전라남도,진도군,273,295,256,230,192,156,195,176,164,203,220,250,277,361,302,244,279,212,212,219,258,213,210,277,587,344,344,244,228,212
전라남도,신안군,468,511,422,329,352,262,281,290,280,312,320,419,448,528,532,388,296,309,351,318,344,298,329,381,452,452,412,292,288,279
경상북도,소계,"31,304","32,917","29,379","25,993","25,787","21,652","23,344","22,355","20,969","22,851","24,247","30,284","30,667","34,193","36,640","29,790","23,634","26,162","24,780","24,193","24,378","23,274","25,433","31,535","29,732","31,770","32,948","25,653","23,151","23,873"
경상북도,포항시,"6,297","6,524","5,459","4,654","4,631","3,847","4,042","4,029","3,777","4,081","4,928","5,151","5,679","7,881","7,372","6,103","4,784","5,017","4,494","4,582","4,182","4,169","4,633","5,632","5,619","6,043","5,772","4,554","4,003","4,797"
경상북도,경주시,"2,852","3,758","3,164","2,403","2,287","1,971","2,271","2,111","2,046","2,182","2,002","2,638","2,723","2,942","3,237","2,625","2,148","2,326","2,076","2,186","2,011","2,001","2,509","3,145","2,934","3,258","3,110","2,568","2,351","2,382"
경상북도,김천시,"1,793","1,790","1,539","1,779","1,427","1,114","1,317","1,329","1,146","1,431","1,439","1,693","1,654","1,595","1,780","1,698","1,254","1,356","1,316","1,298","1,254","1,157","1,259","1,559","1,524","1,599","1,643","1,233","1,130","1,187"
경상북도,안동시,"2,164","1,916","2,086","1,596","1,668","1,291","1,481","1,367","1,255","1,361","1,366","1,775","2,082","2,216","2,481","2,166","1,635","1,611","1,764","1,456","1,522","1,389","1,579","2,082","1,923","2,002","2,158","1,496","1,366","1,341"
경상북도,구미시,"4,910","5,768","4,672","4,967","5,426","4,300","4,261","4,036","3,703","3,861","3,893","5,695","4,792","5,588","5,451","4,703","3,933","4,791","4,187","4,200","4,967","4,437","4,584","4,974","4,671","5,995","6,324","4,373","3,873","3,879"
경상북도,영주시,"1,110","1,100","1,174",857,920,746,854,764,801,857,890,"1,046","1,019","1,107","1,338","1,288",935,948,885,851,803,854,908,"1,120",970,"1,014","1,032",865,818,711
경상북도,영천시,"1,293","1,311","1,308","1,102","1,182",895,"1,071",933,924,979,914,"1,133","1,260","1,333","1,894","1,206",972,"1,185","1,056",985,933,974,"1,051","1,208","1,251","1,074","1,769","1,431","1,223","1,234"
경상북도,상주시,"1,287","1,132","1,076",841,839,766,769,731,685,788,869,"1,263","1,750","1,516","1,547","1,308",876,972,989,856,813,730,843,"1,240","1,035","1,108","1,279",842,723,765
경상북도,문경시,799,789,772,549,589,534,677,597,574,604,687,"1,044","1,152",922,990,863,626,775,795,608,612,619,655,935,"1,057",777,906,763,680,677
경상북도,경산시,"3,052","3,241","3,119","2,896","2,536","2,509","2,570","2,526","2,444","2,778","3,211","3,462","3,289","3,436","3,884","2,852","2,467","2,736","2,818","2,768","3,078","2,940","3,111","4,326","3,913","3,736","3,572","3,428","3,421","3,259"
경상북도,군위군,249,212,210,155,136,147,137,172,137,147,147,205,204,228,316,222,185,184,187,180,175,140,176,225,213,193,203,167,158,131
경상북도,의성군,438,414,357,300,325,322,316,294,273,339,354,588,389,522,552,384,357,325,333,348,325,311,402,421,419,456,401,317,276,315
경상북도,청송군,237,234,190,183,199,132,169,182,139,169,168,246,241,251,298,239,194,178,185,168,183,147,179,233,217,229,246,159,198,161
경상북도,영양군,163,178,124,134,95,79,108,100,89,89,101,137,108,160,159,121,92,106,93,105,76,94,78,114,126,120,113,95,101,79
경상북도,영덕군,347,374,360,278,289,227,232,219,217,265,247,346,350,358,468,387,281,270,233,224,231,264,268,331,308,330,424,287,196,236
경상북도,청도군,478,396,415,303,314,283,345,326,339,289,321,415,379,435,458,354,294,378,338,336,327,325,337,386,383,387,417,352,323,358
경상북도,고령군,358,332,281,234,264,205,188,237,225,237,264,254,311,299,470,314,283,289,312,271,278,209,228,332,292,287,266,270,229,222
경상북도,성주군,649,475,407,326,368,344,328,385,320,369,399,405,442,435,667,395,346,459,339,378,366,323,399,467,454,426,437,307,307,287
경상북도,칠곡군,"1,270","1,240","1,123","1,072","1,120",975,"1,028",948,921,932,985,"1,240","1,226","1,244","1,441","1,065",933,"1,148",993,"1,053","1,167","1,175","1,077","1,424","1,115","1,127","1,288","1,018",788,853
경상북도,예천군,537,612,480,405,419,366,441,370,337,397,394,570,623,598,629,475,354,400,705,674,500,425,432,510,486,565,598,407,370,373
경상북도,봉화군,311,281,265,228,236,204,211,203,160,205,201,311,313,281,256,256,191,219,212,210,194,167,237,285,264,259,296,213,177,172
경상북도,울진군,497,641,647,585,440,326,396,360,328,371,346,511,503,590,726,595,379,370,361,303,288,341,365,450,422,635,552,400,347,365
경상북도,울릉군,213,199,151,146,77,69,132,136,129,120,121,156,178,256,226,171,115,119,109,153,93,83,123,136,136,150,142,108,93,89
경상남도,소계,"40,989","43,422","37,827","33,844","31,921","27,009","32,070","31,059","27,515","30,245","29,887","39,773","42,474","47,008","41,934","34,061","30,403","30,887","29,434","32,086","31,275","29,710","31,563","39,162","37,269","40,124","40,168","30,937","28,904","29,004"
경상남도,창원시,"13,839","13,480","11,654","10,093","9,273","8,072","11,069","10,910","9,072","9,641","8,807","12,881","14,959","16,760","13,861","11,003","10,114","10,193","9,079","10,158","10,654","9,850","10,445","13,349","12,492","13,337","12,220","9,565","9,045","9,237"
경상남도,진주시,"5,073","5,862","4,652","3,800","3,671","3,136","3,695","3,586","3,043","3,169","3,191","4,095","4,655","5,657","4,750","3,803","3,300","3,189","3,380","4,119","4,467","4,009","3,604","4,309","4,290","4,924","4,824","3,341","2,903","3,090"
경상남도,통영시,"1,923","1,936","1,571","1,449","1,495","1,027","1,195","1,186","1,082","1,109","1,117","1,322","1,459","1,681","1,678","1,387","1,216","1,339","1,178","1,177","1,070","1,189","1,297","1,421","1,367","1,534","1,692","1,249","1,224","1,111"
경상남도,사천시,"1,538","1,784","1,455","1,245","1,209",887,"1,142","1,001",893,"1,021",937,"1,384","1,606","1,605","1,415","1,249","1,128","1,090","1,566","1,584","1,230","1,259","1,214","1,331","1,343","1,315","1,384","1,021",977,"1,194"
경상남도,김해시,"5,849","6,932","6,890","6,949","5,873","5,305","5,446","4,908","4,417","4,962","4,944","6,169","6,214","6,824","6,280","5,230","4,500","4,786","4,468","4,749","4,368","4,101","4,836","6,003","5,772","6,128","6,300","5,005","4,837","4,811"
경상남도,밀양시,"1,194","1,087","1,046","1,026","1,239",938,929,901,804,"1,021",922,"1,127","1,462","1,392","1,379","1,168",898,873,974,"1,127",921,947,861,"1,094","1,065","1,120","1,175",921,821,904
경상남도,거제시,"3,348","3,662","3,060","2,519","2,625","1,995","2,220","2,296","2,140","2,390","2,365","2,850","3,040","3,688","3,118","2,689","2,574","2,632","2,322","2,536","2,293","2,111","2,446","2,709","2,634","3,490","3,358","2,591","2,299","2,325"
경상남도,양산시,"3,487","3,857","3,230","3,078","3,076","2,680","2,854","2,970","2,888","3,519","4,326","5,529","4,404","4,582","4,346","3,691","3,173","3,221","3,058","3,232","2,936","3,024","3,229","4,426","3,928","3,916","4,695","3,676","3,501","3,027"
경상남도,의령군,295,239,242,207,177,168,198,174,181,186,185,223,228,273,303,202,189,177,189,197,210,186,238,274,255,243,232,233,186,218
경상남도,함안군,703,788,641,572,538,427,500,481,479,539,441,694,747,768,705,584,565,523,481,496,415,496,571,620,811,660,721,556,527,539
경상남도,창녕군,698,692,580,559,499,466,496,493,476,570,574,702,688,637,792,532,487,535,610,544,517,471,638,749,650,608,688,574,487,520
경상남도,고성군,462,496,459,431,407,324,373,359,312,337,356,379,431,486,503,332,342,384,348,382,343,344,371,477,356,490,517,366,332,323
경상남도,남해군,309,365,352,297,244,232,299,252,247,268,263,350,373,433,422,356,264,254,285,229,297,258,253,370,341,356,387,296,233,253
경상남도,하동군,621,529,466,430,387,335,390,380,322,387,397,624,581,561,605,451,387,403,331,396,358,327,341,467,443,474,469,346,296,298
경상남도,산청군,410,406,365,248,256,225,323,252,267,270,259,342,360,344,350,288,289,254,262,263,313,299,246,370,313,304,317,261,269,254
경상남도,함양군,421,385,359,257,302,254,288,246,262,253,248,302,361,353,419,315,252,263,267,236,251,227,246,303,320,416,342,239,287,265
경상남도,거창군,473,516,450,377,356,315,355,400,358,323,276,487,506,511,535,399,395,423,347,357,350,298,404,470,500,453,465,410,384,362
경상남도,합천군,346,406,355,307,294,223,298,264,272,280,279,313,400,453,473,382,330,348,289,304,282,314,323,420,389,356,382,287,296,273
제주특별자치도,소계,"11,419","10,543","8,009","7,044","6,758","5,920","6,688","6,733","6,236","7,012","7,017","8,651","10,274","10,499","9,265","8,527","7,363","6,985","6,547","6,512","7,044","6,291","6,737","8,692","9,770","10,059","9,193","6,909","6,404","6,653"
제주특별자치도,제주시,"8,531","7,716","5,746","5,024","4,788","4,134","4,628","4,786","4,357","4,949","5,117","6,404","7,659","7,743","6,532","6,102","5,306","4,903","4,609","4,765","5,225","4,513","4,952","6,265","7,185","7,446","6,674","4,797","4,592","4,705"
제주특별자치도,서귀포시,"2,888","2,827","2,263","2,020","1,970","1,786","2,060","1,947","1,879","2,063","1,900","2,247","2,615","2,756","2,733","2,425","2,057","2,082","1,938","1,747","1,819","1,778","1,785","2,427","2,585","2,613","2,519","2,112","1,812","1,948"
제주특별자치도,북제주군,0,0,0,0,0,0,0,0,0,0,0,0,0,0,0,0,0,0,0,0,0,0,0,0,0,0,0,0,0,0
제주특별자치도,남제주군,0,0,0,0,0,0,0,0,0,0,0,0,0,0,0,0,0,0,0,0,0,0,0,0,0,0,0,0,0,0
